Category;Open;High;Low;Close;o-1;h-1;l-1;c-1;o-2;h-2;l-2;c-2
LOW_RAISE;38 468;42 569;35 132;40 108;43 367;43 569;30 445;38 390;44 853;45 816;42 539;43 318
HIGH_FALL;43 367;43 569;30 445;38 390;44 853;45 816;42 539;43 318;44 062;46 552;42 162;44 843
LOW_FALL;44 853;45 816;42 539;43 318;44 062;46 552;42 162;44 843;48 266;49 812;43 893;44 062
LOW_RAISE;44 062;46 552;42 162;44 843;48 266;49 812;43 893;44 062;49 351;50 661;47 128;48 255
HIGH_FALL;48 266;49 812;43 893;44 062;49 351;50 661;47 128;48 255;49 253;51 543;48 528;49 351
LOW_FALL;49 351;50 661;47 128;48 255;49 253;51 543;48 528;49 351;54 540;54 820;46 710;49 253
NEUTRAL;49 253;51 543;48 528;49 351;54 540;54 820;46 710;49 253;56 942;57 977;53 646;54 540
HIGH_FALL;54 540;54 820;46 710;49 253;56 942;57 977;53 646;54 540;55 328;56 949;54 612;56 942
LOW_FALL;56 942;57 977;53 646;54 540;55 328;56 949;54 612;56 942;58 001;59 552;54 000;55 328
LOW_RAISE;55 328;56 949;54 612;56 942;58 001;59 552;54 000;55 328;59 014;59 318;56 530;57 982
LOW_FALL;58 001;59 552;54 000;55 328;59 014;59 318;56 530;57 982;57 713;59 556;56 915;59 014
LOW_FALL;59 014;59 318;56 530;57 982;57 713;59 556;56 915;59 014;55 987;58 683;55 350;57 699
LOW_RAISE;57 713;59 556;56 915;59 014;55 987;58 683;55 350;57 699;56 863;58 334;55 427;55 987
LOW_RAISE;55 987;58 683;55 350;57 699;56 863;58 334;55 427;55 987;54 842;57 909;53 058;56 854
LOW_FALL;56 863;58 334;55 427;55 987;54 842;57 909;53 058;56 854;56 821;57 465;53 330;54 842
LOW_RAISE;54 842;57 909;53 058;56 854;56 821;57 465;53 330;54 842;57 016;58 973;56 306;56 826
LOW_FALL;56 821;57 465;53 330;54 842;57 016;58 973;56 306;56 826;57 685;57 948;56 130;57 016
NEUTRAL;57 016;58 973;56 306;56 826;57 685;57 948;56 130;57 016;56 812;58 459;56 726;57 700
LOW_FALL;57 685;57 948;56 130;57 016;56 812;58 459;56 726;57 700;52 991;57 295;52 871;56 803
LOW_RAISE;56 812;58 459;56 726;57 700;52 991;57 295;52 871;56 803;54 456;55 191;52 408;53 006
HIGH_RAISE;52 991;57 295;52 871;56 803;54 456;55 191;52 408;53 006;55 180;56 369;53 913;54 456
LOW_FALL;54 456;55 191;52 408;53 006;55 180;56 369;53 913;54 456;53 297;55 289;52 689;55 067
LOW_FALL;55 180;56 369;53 913;54 456;53 297;55 289;52 689;55 067;48 065;54 363;47 110;53 297
LOW_RAISE;53 297;55 289;52 689;55 067;48 065;54 363;47 110;53 297;50 955;51 113;48 075;48 075
HIGH_RAISE;48 065;54 363;47 110;53 297;50 955;51 113;48 075;48 075;50 556;51 215;48 821;50 955
LOW_FALL;50 955;51 113;48 075;48 075;50 556;51 215;48 821;50 955;51 597;52 220;47 657;50 620
NEUTRAL;50 556;51 215;48 821;50 955;51 597;52 220;47 657;50 620;55 029;55 410;51 515;51 843
LOW_FALL;51 597;52 220;47 657;50 620;55 029;55 410;51 515;51 843;56 781;57 079;54 346;55 029
LOW_FALL;55 029;55 410;51 515;51 843;56 781;57 079;54 346;55 029;56 175;57 035;53 463;56 852
LOW_FALL;56 781;57 079;54 346;55 029;56 175;57 035;53 463;56 852;56 231;57 554;54 305;56 175
LOW_RAISE;56 175;57 035;53 463;56 852;56 231;57 554;54 305;56 175;60 843;60 966;51 907;56 239
NEUTRAL;56 231;57 554;54 305;56 175;60 843;60 966;51 907;56 239;61 977;62 490;59 747;60 843
HIGH_FALL;60 843;60 966;51 907;56 239;61 977;62 490;59 747;60 843;63 381;63 769;60 081;61 962
LOW_FALL;61 977;62 490;59 747;60 843;63 381;63 769;60 081;61 962;62 403;63 649;62 034;63 381
LOW_FALL;63 381;63 769;60 081;61 962;62 403;63 649;62 034;63 381;63 196;64 788;61 368;62 357
LOW_RAISE;62 403;63 649;62 034;63 381;63 196;64 788;61 368;62 357;60 000;63 621;59 783;63 196
LOW_FALL;63 196;64 788;61 368;62 357;60 000;63 621;59 783;63 196;59 607;61 224;59 429;60 011
LOW_RAISE;60 000;63 621;59 783;63 196;59 607;61 224;59 429;60 011;58 606;60 649;58 599;59 607
NEUTRAL;59 607;61 224;59 429;60 011;58 606;60 649;58 599;59 607;58 354;61 197;57 876;58 621
LOW_RAISE;58 606;60 649;58 599;59 607;58 354;61 197;57 876;58 621;57 677;58 879;57 473;58 354
NEUTRAL;58 354;61 197;57 876;58 621;57 677;58 879;57 473;58 354;56 221;58 134;55 752;57 681
LOW_RAISE;57 677;58 879;57 473;58 354;56 221;58 134;55 752;57 681;58 244;58 624;55 494;56 157
LOW_RAISE;56 221;58 134;55 752;57 681;58 244;58 624;55 494;56 157;58 800;59 469;57 391;58 244
LOW_FALL;58 244;58 624;55 494;56 157;58 800;59 469;57 391;58 244;58 030;59 231;56 886;58 810
NEUTRAL;58 800;59 469;57 391;58 244;58 030;59 231;56 886;58 810;58 038;58 463;56 504;58 030
LOW_RAISE;58 030;59 231;56 886;58 810;58 038;58 463;56 504;58 030;58 655;59 797;57 848;58 063
NEUTRAL;58 038;58 463;56 504;58 030;58 655;59 797;57 848;58 063;58 862;60 118;58 526;58 655
LOW_FALL;58 655;59 797;57 848;58 063;58 862;60 118;58 526;58 655;58 932;59 441;58 021;58 855
NEUTRAL;58 862;60 118;58 526;58 655;58 932;59 441;58 021;58 855;58 671;59 831;57 054;58 932
NEUTRAL;58 932;59 441;58 021;58 855;58 671;59 831;57 054;58 932;57 250;59 408;57 078;58 671
NEUTRAL;58 671;59 831;57 054;58 932;57 250;59 408;57 078;58 671;54 863;58 335;54 830;57 176
LOW_RAISE;57 250;59 408;57 078;58 671;54 863;58 335;54 830;57 176;55 909;56 616;54 740;54 863
LOW_RAISE;54 863;58 335;54 830;57 176;55 909;56 616;54 740;54 863;54 014;56 254;53 986;55 916
LOW_FALL;55 909;56 616;54 740;54 863;54 014;56 254;53 986;55 916;51 989;54 262;51 309;54 014
LOW_RAISE;54 014;56 254;53 986;55 916;51 989;54 262;51 309;54 014;54 175;54 175;50 485;51 989
LOW_RAISE;51 989;54 262;51 309;54 014;54 175;54 175;50 485;51 989;54 445;57 159;53 294;54 175
LOW_FALL;54 175;54 175;50 485;51 989;54 445;57 159;53 294;54 175;54 610;55 816;53 100;54 346
NEUTRAL;54 445;57 159;53 294;54 175;54 610;55 816;53 100;54 346;57 788;58 373;54 316;54 610
NEUTRAL;54 610;55 816;53 100;54 346;57 788;58 373;54 316;54 610;58 466;58 792;55 578;57 792
LOW_FALL;57 788;58 373;54 316;54 610;58 466;58 792;55 578;57 792;58 404;59 909;57 890;58 466
LOW_FALL;58 466;58 792;55 578;57 792;58 404;59 909;57 890;58 466;57 533;59 436;56 303;58 426
NEUTRAL;58 404;59 909;57 890;58 466;57 533;59 436;56 303;58 426;57 706;60 040;57 145;57 533
LOW_RAISE;57 533;59 436;56 303;58 426;57 706;60 040;57 145;57 533;56 392;58 197;54 298;57 834
NEUTRAL;57 706;60 040;57 145;57 533;56 392;58 197;54 298;57 834;56 398;56 952;53 311;56 379
LOW_RAISE;56 392;58 197;54 298;57 834;56 398;56 952;53 311;56 379;60 259;60 738;55 030;56 398
NEUTRAL;56 398;56 952;53 311;56 379;60 259;60 738;55 030;56 398;61 002;61 674;59 348;60 173
LOW_FALL;60 259;60 738;55 030;56 398;61 002;61 674;59 348;60 173;56 990;61 732;56 144;61 002
LOW_FALL;61 002;61 674;59 348;60 173;56 990;61 732;56 144;61 002;57 721;58 118;55 160;56 981
HIGH_RAISE;56 990;61 732;56 144;61 002;57 721;58 118;55 160;56 981;56 954;57 918;54 416;57 721
LOW_FALL;57 721;58 118;55 160;56 981;56 954;57 918;54 416;57 721;54 313;57 357;53 235;56 932
LOW_RAISE;56 954;57 918;54 416;57 721;54 313;57 357;53 235;56 932;51 883;54 818;51 448;54 313
LOW_RAISE;54 313;57 357;53 235;56 932;51 883;54 818;51 448;54 313;50 104;51 949;49 368;51 896
LOW_RAISE;51 883;54 818;51 448;54 313;50 104;51 949;49 368;51 896;48 592;51 343;48 552;50 104
LOW_RAISE;50 104;51 949;49 368;51 896;48 592;51 343;48 552;50 104;49 138;49 391;47 147;48 583
LOW_RAISE;48 592;51 343;48 552;50 104;49 138;49 391;47 147;48 583;47 917;49 442;46 472;49 138
LOW_FALL;49 138;49 391;47 147;48 583;47 917;49 442;46 472;49 138;50 952;51 777;47 555;47 924
LOW_RAISE;47 917;49 442;46 472;49 138;50 952;51 777;47 555;47 924;47 466;52 564;47 422;50 952
LOW_FALL;50 952;51 777;47 555;47 924;47 466;52 564;47 422;50 952;48 844;50 200;47 144;47 477
HIGH_RAISE;47 466;52 564;47 422;50 952;48 844;50 200;47 144;47 477;45 254;49 412;44 970;48 844
LOW_FALL;48 844;50 200;47 144;47 477;45 254;49 412;44 970;48 844;46 844;46 859;43 197;45 255
HIGH_RAISE;45 254;49 412;44 970;48 844;46 844;46 859;43 197;45 255;45 680;48 321;45 118;46 844
LOW_FALL;46 844;46 859;43 197;45 255;45 680;48 321;45 118;46 844;48 199;48 821;44 246;45 621
LOW_RAISE;45 680;48 321;45 118;46 844;48 199;48 821;44 246;45 621;48 720;52 054;48 119;48 199
LOW_FALL;48 199;48 821;44 246;45 621;48 720;52 054;48 119;48 199;48 084;51 337;47 039;48 720
LOW_FALL;48 720;52 054;48 119;48 199;48 084;51 337;47 039;48 720;54 919;55 032;45 212;48 016
LOW_RAISE;48 084;51 337;47 039;48 720;54 919;55 032;45 212;48 016;57 332;57 616;48 034;54 919
HIGH_FALL;54 919;55 032;45 212;48 016;57 332;57 616;48 034;54 919;56 523;58 315;54 040;57 332
LOW_FALL;57 332;57 616;48 034;54 919;56 523;58 315;54 040;57 332;55 493;57 485;55 101;56 501
LOW_RAISE;56 523;58 315;54 040;57 332;55 493;57 485;55 101;56 501;52 051;56 211;50 880;55 493
LOW_RAISE;55 493;57 485;55 101;56 501;52 051;56 211;50 880;55 493;52 333;52 524;51 023;52 059
LOW_RAISE;52 051;56 211;50 880;55 493;52 333;52 524;51 023;52 059;48 607;52 619;48 590;52 333
NEUTRAL;52 333;52 524;51 023;52 059;48 607;52 619;48 590;52 333;48 183;50 513;47 186;48 642
HIGH_RAISE;48 607;52 619;48 590;52 333;48 183;50 513;47 186;48 642;48 840;49 277;45 944;48 183
NEUTRAL;48 183;50 513;47 186;48 642;48 840;49 277;45 944;48 183;47 210;49 698;46 954;48 921
LOW_FALL;48 840;49 277;45 944;48 183;47 210;49 698;46 954;48 921;47 962;48 143;46 342;47 210
LOW_RAISE;47 210;49 698;46 954;48 921;47 962;48 143;46 342;47 210;46 943;48 842;46 438;47 853
LOW_FALL;47 962;48 143;46 342;47 210;46 943;48 842;46 438;47 853;45 050;48 593;44 090;46 943
LOW_RAISE;46 943;48 842;46 438;47 853;45 050;48 593;44 090;46 943;47 357;47 357;43 783;45 039
LOW_RAISE;45 050;48 593;44 090;46 943;47 357;47 357;43 783;45 039;44 692;48 219;44 356;47 357
LOW_FALL;47 357;47 357;43 783;45 039;44 692;48 219;44 356;47 357;38 610;44 797;38 085;44 797
LOW_RAISE;44 692;48 219;44 356;47 357;38 610;44 797;38 085;44 797;40 085;40 481;37 422;38 610
HIGH_RAISE;38 610;44 797;38 085;44 797;40 085;40 481;37 422;38 610;37 853;40 972;37 714;40 103
LOW_FALL;40 085;40 481;37 422;38 610;37 853;40 972;37 714;40 103;37 687;38 325;36 642;37 853
LOW_RAISE;37 853;40 972;37 714;40 103;37 687;38 325;36 642;37 853;37 284;38 725;36 281;37 712
NEUTRAL;37 687;38 325;36 642;37 853;37 284;38 725;36 281;37 712;35 710;37 450;35 473;37 284
LOW_RAISE;37 284;38 725;36 281;37 712;35 710;37 450;35 473;37 284;33 667;35 982;33 470;35 686
LOW_RAISE;35 710;37 450;35 473;37 284;33 667;35 982;33 470;35 686;32 608;34 698;32 397;33 667
LOW_RAISE;33 667;35 982;33 470;35 686;32 608;34 698;32 397;33 667;34 649;34 789;32 237;32 626
LOW_RAISE;32 608;34 698;32 397;33 667;34 649;34 789;32 237;32 626;34 642;35 344;32 880;34 649
LOW_FALL;34 649;34 789;32 237;32 626;34 642;35 344;32 880;34 649;33 274;38 641;32 002;34 715
NEUTRAL;34 642;35 344;32 880;34 649;33 274;38 641;32 002;34 715;30 941;33 286;29 970;33 274
LOW_RAISE;33 274;38 641;32 002;34 715;30 941;33 286;29 970;33 274;31 993;32 879;29 288;31 030
HIGH_RAISE;30 941;33 286;29 970;33 274;31 993;32 879;29 288;31 030;32 681;32 812;30 921;31 993
LOW_FALL;31 993;32 879;29 288;31 030;32 681;32 812;30 921;31 993;31 934;34 860;31 731;32 643
LOW_FALL;32 681;32 812;30 921;31 993;31 934;34 860;31 731;32 643;32 399;33 069;31 012;31 934
LOW_RAISE;31 934;34 860;31 731;32 643;32 399;33 069;31 012;31 934;33 375;33 642;31 471;32 340
LOW_FALL;32 399;33 069;31 012;31 934;33 375;33 642;31 471;32 340;31 275;33 842;28 898;33 375
LOW_FALL;33 375;33 642;31 471;32 340;31 275;33 842;28 898;33 375;34 919;35 664;31 048;31 275
LOW_RAISE;31 275;33 842;28 898;33 375;34 919;35 664;31 048;31 275;36 494;36 788;33 487;34 892
HIGH_FALL;34 919;35 664;31 048;31 275;36 494;36 788;33 487;34 892;36 252;37 843;36 170;36 494
LOW_FALL;36 494;36 788;33 487;34 892;36 252;37 843;36 170;36 494;36 530;37 433;34 841;36 255
NEUTRAL;36 252;37 843;36 170;36 494;36 530;37 433;34 841;36 255;35 935;36 828;33 928;36 530
NEUTRAL;36 530;37 433;34 841;36 255;35 935;36 828;33 928;36 530;36 324;37 938;35 624;35 785
LOW_RAISE;35 935;36 828;33 928;36 530;36 324;37 938;35 624;35 785;38 757;39 673;34 446;36 324
LOW_FALL;36 324;37 938;35 624;35 785;38 757;39 673;34 446;36 324;37 248;40 030;36 799;38 863
LOW_FALL;38 757;39 673;34 446;36 324;37 248;40 030;36 799;38 863;34 736;37 358;32 466;37 248
LOW_RAISE;37 248;40 030;36 799;38 863;34 736;37 358;32 466;37 248;34 088;36 612;32 585;34 766
HIGH_RAISE;34 736;37 358;32 466;37 248;34 088;36 612;32 585;34 766;37 984;38 931;30 323;34 184
LOW_RAISE;34 088;36 612;32 585;34 766;37 984;38 931;30 323;34 184;40 802;41 423;35 193;37 984
HIGH_FALL;37 984;38 931;30 323;34 184;40 802;41 423;35 193;37 984;39 927;41 401;38 775;40 769
LOW_FALL;40 802;41 423;35 193;37 984;39 927;41 401;38 775;40 769;39 596;41 958;36 722;39 927
LOW_RAISE;39 927;41 401;38 775;40 769;39 596;41 958;36 722;39 927;35 934;40 358;35 806;39 596
NEUTRAL;39 596;41 958;36 722;39 927;35 934;40 358;35 806;39 596;33 788;36 452;33 478;35 848
HIGH_RAISE;35 934;40 358;35 806;39 596;33 788;36 452;33 478;35 848;31 029;34 221;29 991;33 788
LOW_RAISE;33 788;36 452;33 478;35 848;31 029;34 221;29 991;33 788;33 581;33 649;28 258;31 027
HIGH_RAISE;31 029;34 221;29 991;33 788;33 581;33 649;28 258;31 027;31 714;34 524;31 494;33 581
HIGH_FALL;33 581;33 649;28 258;31 027;31 714;34 524;31 494;33 581;29 243;33 219;29 050;31 690
LOW_RAISE;31 714;34 524;31 494;33 581;29 243;33 219;29 050;31 690;28 965;29 650;28 754;29 259
HIGH_RAISE;29 243;33 219;29 050;31 690;28 965;29 650;28 754;29 259;28 898;29 298;27 989;28 966
LOW_RAISE;28 965;29 650;28 754;29 259;28 898;29 298;27 989;28 966;26 870;28 980;26 870;28 896
NEUTRAL;28 898;29 298;27 989;28 966;26 870;28 980;26 870;28 896;26 606;27 164;25 926;26 870
HIGH_RAISE;26 870;28 980;26 870;28 896;26 606;27 164;25 926;26 870;26 303;27 404;26 136;26 634
NEUTRAL;26 606;27 164;25 926;26 870;26 303;27 404;26 136;26 634;26 666;28 326;25 824;26 303
LOW_RAISE;26 303;27 404;26 136;26 634;26 666;28 326;25 824;26 303;24 409;26 753;24 379;26 648
LOW_FALL;26 666;28 326;25 824;26 303;24 409;26 753;24 379;26 648;23 399;24 657;23 379;24 409
HIGH_RAISE;24 409;26 753;24 379;26 648;23 399;24 657;23 379;24 409;23 295;23 546;22 689;23 384
LOW_RAISE;23 399;24 657;23 379;24 409;23 295;23 546;22 689;23 384;23 434;24 085;22 863;23 299
NEUTRAL;23 295;23 546;22 689;23 384;23 434;24 085;22 863;23 299;23 138;23 598;22 385;23 434
NEUTRAL;23 434;24 085;22 863;23 299;23 138;23 598;22 385;23 434;23 406;24 094;22 080;23 146
LOW_RAISE;23 138;23 598;22 385;23 434;23 406;24 094;22 080;23 146;23 988;24 244;23 117;23 494
LOW_FALL;23 406;24 094;22 080;23 146;23 988;24 244;23 117;23 494;22 898;24 128;22 805;24 004
LOW_FALL;23 988;24 244;23 117;23 494;22 898;24 128;22 805;24 004;22 775;23 278;22 398;22 911
LOW_RAISE;22 898;24 128;22 805;24 004;22 775;23 278;22 398;22 911;21 200;23 685;21 200;22 767
NEUTRAL;22 775;23 278;22 398;22 911;21 200;23 685;21 200;22 767;19 431;21 275;19 319;21 240
HIGH_RAISE;21 200;23 685;21 200;22 767;19 431;21 275;19 319;21 240;19 199;19 561;19 086;19 431
HIGH_RAISE;19 431;21 275;19 319;21 240;19 199;19 561;19 086;19 431;19 182;19 314;18 996;19 201
LOW_RAISE;19 199;19 561;19 086;19 431;19 182;19 314;18 996;19 201;18 800;19 414;18 734;19 182
NEUTRAL;19 182;19 314;18 996;19 201;18 800;19 414;18 734;19 182;18 106;18 837;18 033;18 794
LOW_RAISE;18 800;19 414;18 734;19 182;18 106;18 837;18 033;18 794;18 351;18 396;17 604;18 106
LOW_RAISE;18 106;18 837;18 033;18 794;18 351;18 396;17 604;18 106;18 550;18 650;17 938;18 352
LOW_FALL;18 351;18 396;17 604;18 106;18 550;18 650;17 938;18 352;18 776;18 823;17 653;18 550
LOW_FALL;18 550;18 650;17 938;18 352;18 776;18 823;17 653;18 550;19 087;19 302;18 632;18 784
LOW_FALL;18 776;18 823;17 653;18 550;19 087;19 302;18 632;18 784;19 249;19 429;18 924;19 087
LOW_FALL;19 087;19 302;18 632;18 784;19 249;19 429;18 924;19 087;19 019;19 339;18 895;19 246
NEUTRAL;19 249;19 429;18 924;19 087;19 019;19 339;18 895;19 246;18 828;19 186;18 512;19 019
LOW_RAISE;19 019;19 339;18 895;19 246;18 828;19 186;18 512;19 019;19 465;19 550;18 735;18 833
NEUTRAL;18 828;19 186;18 512;19 019;19 465;19 550;18 735;18 833;19 160;19 618;18 920;19 465
LOW_FALL;19 465;19 550;18 735;18 833;19 160;19 618;18 920;19 465;19 089;19 337;18 362;19 161
LOW_RAISE;19 160;19 618;18 920;19 465;19 089;19 337;18 362;19 161;19 380;19 928;18 229;19 089
NEUTRAL;19 089;19 337;18 362;19 161;19 380;19 928;18 229;19 089;18 267;19 835;18 094;19 376
LOW_FALL;19 380;19 928;18 229;19 089;18 267;19 835;18 094;19 376;17 765;18 330;17 556;18 267
LOW_RAISE;18 267;19 835;18 094;19 376;17 765;18 330;17 556;18 267;17 037;17 891;16 895;17 764
LOW_RAISE;17 765;18 330;17 556;18 267;17 037;17 891;16 895;17 764;17 122;17 463;16 508;17 037
LOW_RAISE;17 037;17 891;16 895;17 764;17 122;17 463;16 508;17 037;18 859;18 924;16 311;17 122
NEUTRAL;17 122;17 463;16 508;17 037;18 859;18 924;16 311;17 122;18 938;19 495;18 649;18 846
HIGH_FALL;18 859;18 924;16 311;17 122;18 938;19 495;18 649;18 846;18 419;19 414;18 120;18 938
NEUTRAL;18 938;19 495;18 649;18 846;18 419;19 414;18 120;18 938;18 585;18 759;18 012;18 426
LOW_RAISE;18 419;19 414;18 120;18 938;18 585;18 759;18 012;18 426;18 635;18 733;17 666;18 585
NEUTRAL;18 585;18 759;18 012;18 426;18 635;18 733;17 666;18 585;18 586;18 964;18 443;18 638
NEUTRAL;18 635;18 733;17 666;18 585;18 586;18 964;18 443;18 638;17 939;18 809;17 732;18 586
NEUTRAL;18 586;18 964;18 443;18 638;17 939;18 809;17 732;18 586;17 781;18 163;17 377;17 939
LOW_RAISE;17 939;18 809;17 732;18 586;17 781;18 163;17 377;17 939;17 633;18 467;17 318;17 781
NEUTRAL;17 781;18 163;17 377;17 939;17 633;18 467;17 318;17 781;16 717;17 837;16 569;17 627
NEUTRAL;17 633;18 467;17 318;17 781;16 717;17 837;16 569;17 627;15 859;16 885;15 795;16 717
LOW_RAISE;16 717;17 837;16 569;17 627;15 859;16 885;15 795;16 717;15 996;16 149;15 824;15 865
LOW_RAISE;15 859;16 885;15 795;16 717;15 996;16 149;15 824;15 865;16 287;16 362;15 738;15 997
NEUTRAL;15 996;16 149;15 824;15 865;16 287;16 362;15 738;15 997;16 155;16 486;15 984;16 287
LOW_FALL;16 287;16 362;15 738;15 997;16 155;16 486;15 984;16 287;15 799;16 204;15 499;16 150
NEUTRAL;16 155;16 486;15 984;16 287;15 799;16 204;15 499;16 150;15 393;15 959;15 293;15 799
LOW_RAISE;15 799;16 204;15 499;16 150;15 393;15 959;15 293;15 799;15 392;15 470;15 092;15 393
LOW_RAISE;15 393;15 959;15 293;15 799;15 392;15 470;15 092;15 393;15 333;15 845;14 866;15 392
NEUTRAL;15 392;15 470;15 092;15 393;15 333;15 845;14 866;15 392;14 846;15 652;14 692;15 347
NEUTRAL;15 333;15 845;14 866;15 392;14 846;15 652;14 692;15 347;15 549;15 760;14 428;14 846
LOW_RAISE;14 846;15 652;14 692;15 347;15 549;15 760;14 428;14 846;15 244;15 937;15 206;15 561
LOW_FALL;15 549;15 760;14 428;14 846;15 244;15 937;15 206;15 561;14 005;15 291;14 005;15 244
LOW_RAISE;15 244;15 937;15 206;15 561;14 005;15 291;14 005;15 244;13 733;14 240;13 556;14 002
HIGH_RAISE;14 005;15 291;14 005;15 244;13 733;14 240;13 556;14 002;13 619;13 798;13 308;13 733
LOW_RAISE;13 733;14 240;13 556;14 002;13 619;13 798;13 308;13 733;13 816;13 837;13 243;13 622
NEUTRAL;13 619;13 798;13 308;13 733;13 816;13 837;13 243;13 622;13 847;13 894;13 645;13 816
LOW_FALL;13 816;13 837;13 243;13 622;13 847;13 894;13 645;13 816;13 644;14 047;13 440;13 841
NEUTRAL;13 847;13 894;13 645;13 816;13 644;14 047;13 440;13 841;13 484;13 673;13 146;13 644
LOW_RAISE;13 644;14 047;13 440;13 841;13 484;13 673;13 146;13 644;13 208;13 641;12 990;13 482
LOW_RAISE;13 484;13 673;13 146;13 644;13 208;13 641;12 990;13 482;13 619;13 847;12 925;13 208
LOW_RAISE;13 208;13 641;12 990;13 482;13 619;13 847;12 925;13 208;13 025;13 754;13 000;13 632
LOW_FALL;13 619;13 847;12 925;13 208;13 025;13 754;13 000;13 632;13 038;13 242;12 810;13 025
LOW_RAISE;13 025;13 754;13 000;13 632;13 038;13 242;12 810;13 025;13 103;13 339;12 911;13 040
NEUTRAL;13 038;13 242;12 810;13 025;13 103;13 339;12 911;13 040;12 941;13 161;12 887;13 103
NEUTRAL;13 103;13 339;12 911;13 040;12 941;13 161;12 887;13 103;13 128;13 197;12 746;12 941
LOW_RAISE;12 941;13 161;12 887;13 103;13 128;13 197;12 746;12 941;12 856;13 216;12 706;13 128
LOW_FALL;13 128;13 197;12 746;12 941;12 856;13 216;12 706;13 128;11 904;12 905;11 889;12 853
LOW_RAISE;12 856;13 216;12 706;13 128;11 904;12 905;11 889;12 853;11 732;12 044;11 693;11 904
HIGH_RAISE;11 904;12 905;11 889;12 853;11 732;12 044;11 693;11 904;11 447;11 811;11 419;11 732
LOW_RAISE;11 732;12 044;11 693;11 904;11 447;11 811;11 419;11 732;11 357;11 500;11 345;11 447
LOW_RAISE;11 447;11 811;11 419;11 732;11 357;11 500;11 345;11 447;11 319;11 406;11 283;11 356
NEUTRAL;11 357;11 500;11 345;11 447;11 319;11 406;11 283;11 356;11 558;11 558;11 231;11 314
NEUTRAL;11 319;11 406;11 283;11 356;11 558;11 558;11 231;11 314;11 398;11 593;11 288;11 544
LOW_FALL;11 558;11 558;11 231;11 314;11 398;11 593;11 288;11 544;11 437;11 546;11 306;11 396
LOW_RAISE;11 398;11 593;11 288;11 544;11 437;11 546;11 306;11 396;11 564;11 719;11 322;11 437
NEUTRAL;11 437;11 546;11 306;11 396;11 564;11 719;11 322;11 437;11 342;11 599;11 225;11 564
LOW_FALL;11 564;11 719;11 322;11 437;11 342;11 599;11 225;11 564;11 371;11 436;11 277;11 350
LOW_RAISE;11 342;11 599;11 225;11 564;11 371;11 436;11 277;11 350;11 041;11 464;11 029;11 371
NEUTRAL;11 371;11 436;11 277;11 350;11 041;11 464;11 029;11 371;10 894;11 099;10 848;11 042
LOW_RAISE;11 041;11 464;11 029;11 371;10 894;11 099;10 848;11 042;10 662;10 945;10 558;10 894
LOW_RAISE;10 894;11 099;10 848;11 042;10 662;10 945;10 558;10 894;10 557;10 678;10 546;10 660
LOW_RAISE;10 662;10 945;10 558;10 894;10 557;10 678;10 546;10 660;10 740;10 797;10 544;10 557
NEUTRAL;10 557;10 678;10 546;10 660;10 740;10 797;10 544;10 557;10 652;10 754;10 635;10 741
LOW_FALL;10 740;10 797;10 544;10 557;10 652;10 754;10 635;10 741;10 580;10 700;10 536;10 652
NEUTRAL;10 652;10 754;10 635;10 741;10 580;10 700;10 536;10 652;10 540;10 607;10 475;10 580
NEUTRAL;10 580;10 700;10 536;10 652;10 540;10 607;10 475;10 580;10 613;10 668;10 401;10 540
NEUTRAL;10 540;10 607;10 475;10 580;10 613;10 668;10 401;10 540;10 707;10 920;10 471;10 613
NEUTRAL;10 613;10 668;10 401;10 540;10 707;10 920;10 471;10 613;10 761;10 865;10 675;10 711
NEUTRAL;10 707;10 920;10 471;10 613;10 761;10 865;10 675;10 711;10 871;10 892;10 647;10 761
NEUTRAL;10 761;10 865;10 675;10 711;10 871;10 892;10 647;10 761;10 727;10 948;10 712;10 871
LOW_FALL;10 871;10 892;10 647;10 761;10 727;10 948;10 712;10 871;10 721;10 802;10 609;10 727
LOW_RAISE;10 727;10 948;10 712;10 871;10 721;10 802;10 609;10 727;10 713;10 798;10 661;10 720
NEUTRAL;10 721;10 802;10 609;10 727;10 713;10 798;10 661;10 720;10 624;10 772;10 576;10 713
NEUTRAL;10 713;10 798;10 661;10 720;10 624;10 772;10 576;10 713;10 216;10 705;10 204;10 637
NEUTRAL;10 624;10 772;10 576;10 713;10 216;10 705;10 204;10 637;10 521;10 579;10 144;10 216
LOW_RAISE;10 216;10 705;10 204;10 637;10 521;10 579;10 144;10 216;10 479;10 539;10 379;10 520
LOW_FALL;10 521;10 579;10 144;10 216;10 479;10 539;10 379;10 520;10 858;10 988;10 323;10 479
NEUTRAL;10 479;10 539;10 379;10 520;10 858;10 988;10 323;10 479;11 093;11 093;10 782;10 861
LOW_FALL;10 858;10 988;10 323;10 479;11 093;11 093;10 782;10 861;10 900;11 164;10 892;11 093
LOW_FALL;11 093;11 093;10 782;10 861;10 900;11 164;10 892;11 093;10 938;11 040;10 833;10 900
LOW_RAISE;10 900;11 164;10 892;11 093;10 938;11 040;10 833;10 900;11 000;11 058;10 765;10 938
NEUTRAL;10 938;11 040;10 833;10 900;11 000;11 058;10 765;10 938;10 870;11 101;10 681;11 000
NEUTRAL;11 000;11 058;10 765;10 938;10 870;11 101;10 681;11 000;10 697;10 944;10 634;10 870
LOW_RAISE;10 870;11 101;10 681;11 000;10 697;10 944;10 634;10 870;10 324;10 752;10 262;10 694
LOW_RAISE;10 697;10 944;10 634;10 870;10 324;10 752;10 262;10 694;10 446;10 586;10 231;10 324
LOW_RAISE;10 324;10 752;10 262;10 694;10 446;10 586;10 231;10 324;10 329;10 485;10 289;10 447
LOW_FALL;10 446;10 586;10 231;10 324;10 329;10 485;10 289;10 447;10 308;10 384;10 222;10 329
LOW_RAISE;10 329;10 485;10 289;10 447;10 308;10 384;10 222;10 329;10 265;10 476;10 187;10 307
NEUTRAL;10 308;10 384;10 222;10 329;10 265;10 476;10 187;10 307;10 027;10 351;9 891;10 265
NEUTRAL;10 265;10 476;10 187;10 307;10 027;10 351;9 891;10 265;10 142;10 437;9 953;10 030
LOW_RAISE;10 027;10 351;9 891;10 265;10 142;10 437;9 953;10 030;10 243;10 354;9 893;10 142
LOW_FALL;10 142;10 437;9 953;10 030;10 243;10 354;9 893;10 142;10 112;10 308;9 970;10 242
NEUTRAL;10 243;10 354;9 893;10 142;10 112;10 308;9 970;10 242;10 610;10 639;9 905;10 112
LOW_RAISE;10 112;10 308;9 970;10 242;10 610;10 639;9 905;10 112;10 793;10 812;10 042;10 610
LOW_FALL;10 610;10 639;9 905;10 112;10 793;10 812;10 042;10 610;11 372;11 461;10 558;10 794
LOW_FALL;10 793;10 812;10 042;10 610;11 372;11 461;10 558;10 794;12 023;12 051;11 223;11 372
LOW_FALL;11 372;11 461;10 558;10 794;12 023;12 051;11 223;11 372;11 685;12 062;11 561;12 023
LOW_FALL;12 023;12 051;11 223;11 372;11 685;12 062;11 561;12 023;11 643;11 785;11 580;11 683
LOW_RAISE;11 685;12 062;11 561;12 023;11 643;11 785;11 580;11 683;11 528;11 694;11 477;11 643
NEUTRAL;11 643;11 785;11 580;11 683;11 528;11 694;11 477;11 643;11 500;11 591;11 448;11 528
NEUTRAL;11 528;11 694;11 477;11 643;11 500;11 591;11 448;11 528;11 271;11 553;11 258;11 500
NEUTRAL;11 500;11 591;11 448;11 528;11 271;11 553;11 258;11 500;11 499;11 573;11 152;11 272
LOW_RAISE;11 271;11 553;11 258;11 500;11 499;11 573;11 152;11 272;11 275;11 542;11 270;11 499
LOW_FALL;11 499;11 573;11 152;11 272;11 275;11 542;11 270;11 499;11 743;11 792;11 150;11 272
LOW_RAISE;11 275;11 542;11 270;11 499;11 743;11 792;11 150;11 272;11 674;11 832;11 609;11 743
LOW_FALL;11 743;11 792;11 150;11 272;11 674;11 832;11 609;11 743;11 616;11 724;11 537;11 680
NEUTRAL;11 674;11 832;11 609;11 743;11 616;11 724;11 537;11 680;11 625;11 658;11 395;11 616
NEUTRAL;11 616;11 724;11 537;11 680;11 625;11 658;11 395;11 616;11 871;11 899;11 624;11 634
NEUTRAL;11 625;11 658;11 395;11 616;11 871;11 899;11 624;11 634;11 733;11 896;11 697;11 871
LOW_FALL;11 871;11 899;11 624;11 634;11 733;11 896;11 697;11 871;12 035;12 103;11 630;11 728
LOW_RAISE;11 733;11 896;11 697;11 871;12 035;12 103;11 630;11 728;12 331;12 413;11 875;12 035
LOW_FALL;12 035;12 103;11 630;11 728;12 331;12 413;11 875;12 035;11 857;12 466;11 779;12 329
LOW_FALL;12 331;12 413;11 875;12 035;11 857;12 466;11 779;12 329;11 876;11 981;11 716;11 857
LOW_RAISE;11 857;12 466;11 779;12 329;11 876;11 981;11 716;11 857;11 777;11 987;11 731;11 876
NEUTRAL;11 876;11 981;11 716;11 857;11 777;11 987;11 731;11 876;11 621;11 864;11 621;11 777
NEUTRAL;11 777;11 987;11 731;11 876;11 621;11 864;11 621;11 777;11 575;11 655;11 291;11 640
LOW_RAISE;11 621;11 864;11 621;11 777;11 575;11 655;11 291;11 640;11 239;11 624;11 151;11 573
NEUTRAL;11 575;11 655;11 291;11 640;11 239;11 624;11 151;11 573;11 871;11 940;11 159;11 239
LOW_RAISE;11 239;11 624;11 151;11 573;11 871;11 940;11 159;11 239;11 681;12 070;11 557;11 866
LOW_FALL;11 871;11 940;11 159;11 239;11 681;12 070;11 557;11 866;11 715;11 803;11 542;11 681
LOW_RAISE;11 681;12 070;11 557;11 866;11 715;11 803;11 542;11 681;11 581;11 812;11 549;11 715
NEUTRAL;11 715;11 803;11 542;11 681;11 581;11 812;11 549;11 715;11 854;11 920;11 370;11 581
LOW_RAISE;11 581;11 812;11 549;11 715;11 854;11 920;11 370;11 581;11 692;11 917;11 590;11 854
LOW_FALL;11 854;11 920;11 370;11 581;11 692;11 917;11 590;11 854;11 216;11 724;11 117;11 692
LOW_RAISE;11 692;11 917;11 590;11 854;11 216;11 724;11 117;11 692;11 387;11 421;11 068;11 213
LOW_RAISE;11 216;11 724;11 117;11 692;11 387;11 421;11 068;11 213;11 097;11 479;10 986;11 387
LOW_FALL;11 387;11 421;11 068;11 213;11 097;11 479;10 986;11 387;11 835;12 097;10 711;11 102
LOW_RAISE;11 097;11 479;10 986;11 387;11 835;12 097;10 711;11 102;11 359;11 874;11 245;11 835
LOW_FALL;11 835;12 097;10 711;11 102;11 359;11 874;11 245;11 835;11 152;11 462;10 981;11 359
LOW_RAISE;11 359;11 874;11 245;11 835;11 152;11 462;10 981;11 359;11 219;11 335;10 871;11 155
LOW_RAISE;11 152;11 462;10 981;11 359;11 219;11 335;10 871;11 155;10 982;11 290;10 855;11 230
NEUTRAL;11 219;11 335;10 871;11 155;10 982;11 290;10 855;11 230;10 889;11 387;10 595;10 982
LOW_RAISE;10 982;11 290;10 855;11 230;10 889;11 387;10 595;10 982;9 893;10 906;9 882;10 862
LOW_RAISE;10 889;11 387;10 595;10 982;9 893;10 906;9 882;10 862;9 729;10 128;9 670;9 893
HIGH_RAISE;9 893;10 906;9 882;10 862;9 729;10 128;9 670;9 893;9 629;9 742;9 538;9 734
LOW_RAISE;9 729;10 128;9 670;9 893;9 629;9 742;9 538;9 734;9 594;9 634;9 482;9 629
LOW_RAISE;9 629;9 742;9 538;9 734;9 594;9 634;9 482;9 629;9 380;9 674;9 376;9 594
NEUTRAL;9 594;9 634;9 482;9 629;9 380;9 674;9 376;9 594;9 382;9 402;9 305;9 380
LOW_RAISE;9 380;9 674;9 376;9 594;9 382;9 402;9 305;9 380;9 178;9 440;9 155;9 382
NEUTRAL;9 382;9 402;9 305;9 380;9 178;9 440;9 155;9 382;9 176;9 225;9 149;9 178
LOW_RAISE;9 178;9 440;9 155;9 382;9 176;9 225;9 149;9 178;9 185;9 192;9 119;9 176
NEUTRAL;9 176;9 225;9 149;9 178;9 185;9 192;9 119;9 176;9 159;9 208;9 131;9 185
NEUTRAL;9 185;9 192;9 119;9 176;9 159;9 208;9 131;9 185;9 104;9 185;8 608;9 159
NEUTRAL;9 159;9 208;9 131;9 185;9 104;9 185;8 608;9 159;9 216;9 231;9 051;9 103
NEUTRAL;9 104;9 185;8 608;9 159;9 216;9 231;9 051;9 103;9 272;9 277;9 170;9 216
LOW_FALL;9 216;9 231;9 051;9 103;9 272;9 277;9 170;9 216;9 256;9 278;9 135;9 272
NEUTRAL;9 272;9 277;9 170;9 216;9 256;9 278;9 135;9 272;9 239;9 332;9 210;9 256
NEUTRAL;9 256;9 278;9 135;9 272;9 239;9 332;9 210;9 256;9 224;9 345;9 176;9 240
NEUTRAL;9 239;9 332;9 210;9 256;9 224;9 345;9 176;9 240;9 237;9 313;9 190;9 224
NEUTRAL;9 224;9 345;9 176;9 240;9 237;9 313;9 190;9 224;9 244;9 260;9 133;9 237
NEUTRAL;9 237;9 313;9 190;9 224;9 244;9 260;9 133;9 237;9 435;9 473;9 197;9 244
NEUTRAL;9 244;9 260;9 133;9 237;9 435;9 473;9 197;9 244;9 258;9 462;9 239;9 435
LOW_FALL;9 435;9 473;9 197;9 244;9 258;9 462;9 239;9 435;9 279;9 372;9 220;9 258
LOW_RAISE;9 258;9 462;9 239;9 435;9 279;9 372;9 220;9 258;9 022;9 353;8 938;9 280
NEUTRAL;9 279;9 372;9 220;9 258;9 022;9 353;8 938;9 280;9 131;9 149;9 012;9 022
LOW_RAISE;9 022;9 353;8 938;9 280;9 131;9 149;9 012;9 022;9 097;9 188;9 054;9 132
LOW_FALL;9 131;9 149;9 012;9 022;9 097;9 188;9 054;9 132;9 087;9 147;9 066;9 097
NEUTRAL;9 097;9 188;9 054;9 132;9 087;9 147;9 066;9 097;9 243;9 266;8 963;9 087
NEUTRAL;9 087;9 147;9 066;9 097;9 243;9 266;8 963;9 087;9 150;9 300;9 102;9 243
LOW_FALL;9 243;9 266;8 963;9 087;9 150;9 300;9 102;9 243;9 179;9 231;9 069;9 150
LOW_RAISE;9 150;9 300;9 102;9 243;9 179;9 231;9 069;9 150;9 111;9 192;9 034;9 178
NEUTRAL;9 179;9 231;9 069;9 150;9 111;9 192;9 034;9 178;8 957;9 189;8 945;9 111
NEUTRAL;9 111;9 192;9 034;9 178;8 957;9 189;8 945;9 111;9 201;9 212;8 859;8 957
LOW_RAISE;8 957;9 189;8 945;9 111;9 201;9 212;8 859;8 957;9 277;9 333;9 053;9 201
LOW_FALL;9 201;9 212;8 859;8 957;9 277;9 333;9 053;9 201;9 296;9 320;9 018;9 278
NEUTRAL;9 277;9 333;9 053;9 201;9 296;9 320;9 018;9 278;9 635;9 669;9 216;9 296
NEUTRAL;9 296;9 320;9 018;9 278;9 635;9 669;9 216;9 296;9 640;9 752;9 579;9 644
LOW_FALL;9 635;9 669;9 216;9 296;9 640;9 752;9 579;9 644;9 313;9 655;9 278;9 640
NEUTRAL;9 640;9 752;9 579;9 644;9 313;9 655;9 278;9 640;9 319;9 405;9 301;9 313
LOW_RAISE;9 313;9 655;9 278;9 640;9 319;9 405;9 301;9 313;9 317;9 347;9 211;9 319
NEUTRAL;9 319;9 405;9 301;9 313;9 317;9 347;9 211;9 319;9 349;9 417;9 237;9 316
NEUTRAL;9 317;9 347;9 211;9 319;9 349;9 417;9 237;9 316;9 373;9 476;9 318;9 349
NEUTRAL;9 349;9 417;9 237;9 316;9 373;9 476;9 318;9 349;9 499;9 553;9 255;9 379
NEUTRAL;9 373;9 476;9 318;9 349;9 499;9 553;9 255;9 379;9 483;9 594;9 383;9 499
LOW_FALL;9 499;9 553;9 255;9 379;9 483;9 594;9 383;9 499;9 384;9 484;8 927;9 484
NEUTRAL;9 483;9 594;9 383;9 499;9 384;9 484;8 927;9 484;9 408;9 478;9 336;9 384
LOW_RAISE;9 384;9 484;8 927;9 484;9 408;9 478;9 336;9 384;9 457;9 492;9 366;9 407
NEUTRAL;9 408;9 478;9 336;9 384;9 457;9 492;9 366;9 407;9 343;9 558;9 245;9 457
NEUTRAL;9 457;9 492;9 366;9 407;9 343;9 558;9 245;9 457;9 870;9 959;9 198;9 338
LOW_RAISE;9 343;9 558;9 245;9 457;9 870;9 959;9 198;9 338;9 757;9 975;9 717;9 870
LOW_FALL;9 870;9 959;9 198;9 338;9 757;9 975;9 717;9 870;9 709;9 855;9 630;9 758
LOW_RAISE;9 757;9 975;9 717;9 870;9 709;9 855;9 630;9 758;9 731;9 796;9 663;9 709
NEUTRAL;9 709;9 855;9 630;9 758;9 731;9 796;9 663;9 709;9 708;9 793;9 409;9 707
NEUTRAL;9 731;9 796;9 663;9 709;9 708;9 793;9 409;9 707;9 715;9 734;9 550;9 708
NEUTRAL;9 708;9 793;9 409;9 707;9 715;9 734;9 550;9 708;9 786;9 854;9 622;9 715
NEUTRAL;9 715;9 734;9 550;9 708;9 786;9 854;9 622;9 715;9 586;9 870;9 477;9 786
NEUTRAL;9 786;9 854;9 622;9 715;9 586;9 870;9 477;9 786;9 529;9 637;9 434;9 585
LOW_RAISE;9 586;9 870;9 477;9 786;9 529;9 637;9 434;9 585;9 671;10 339;9 364;9 529
NEUTRAL;9 529;9 637;9 434;9 585;9 671;10 339;9 364;9 529;9 504;9 691;9 400;9 691
LOW_FALL;9 671;10 339;9 364;9 529;9 504;9 691;9 400;9 691;9 439;9 728;9 437;9 504
LOW_RAISE;9 504;9 691;9 400;9 691;9 439;9 728;9 437;9 504;9 417;9 594;9 337;9 439
NEUTRAL;9 439;9 728;9 437;9 504;9 417;9 594;9 337;9 439;9 451;9 614;9 348;9 417
NEUTRAL;9 417;9 594;9 337;9 439;9 451;9 614;9 348;9 417;9 165;9 518;9 062;9 453
NEUTRAL;9 451;9 614;9 348;9 417;9 165;9 518;9 062;9 453;8 867;9 216;8 810;9 163
LOW_RAISE;9 165;9 518;9 062;9 453;8 867;9 216;8 810;9 163;8 917;9 005;8 723;8 867
LOW_RAISE;8 867;9 216;8 810;9 163;8 917;9 005;8 723;8 867;9 006;9 080;8 679;8 917
NEUTRAL;8 917;9 005;8 723;8 867;9 006;9 080;8 679;8 917;9 235;9 300;8 861;9 006
NEUTRAL;9 006;9 080;8 679;8 917;9 235;9 300;8 861;9 006;9 191;9 308;9 100;9 235
LOW_FALL;9 235;9 300;8 861;9 006;9 191;9 308;9 100;9 235;9 075;9 263;8 946;9 191
NEUTRAL;9 191;9 308;9 100;9 235;9 075;9 263;8 946;9 191;9 592;9 594;8 819;9 075
LOW_RAISE;9 075;9 263;8 946;9 191;9 592;9 594;8 819;9 075;9 698;9 832;9 380;9 592
LOW_FALL;9 592;9 594;8 819;9 075;9 698;9 832;9 380;9 592;0;0;0;0
#DÌLENÍ_NULOU!;9 698;9 832;9 380;9 592;0;0;0;0;0;0;0;0
